start,end
2020-10-26,2020-11-06
2021-01-15,2021-03-12
2021-05-29,2021-06-03
2022-02-17,2022-04-20
2022-09-12,2022-11-07
2022-11-07,2022-11-08
2023-03-25,2023-05-05
2023-05-05,2023-05-10
2022-05-26,2022-06-09
2022-06-30,2022-06-30
2022-07-04,2022-07-04
2022-10-06,2022-10-06
2022-11-04,2022-11-08
2022-11-18,2022-11-18
2022-11-24,2022-11-25
2022-11-30,2022-12-05
2022-12-09,2022-12-10
2022-12-20,2022-12-20
2023-01-16,2023-01-16
2023-02-04,2023-02-04
2023-03-25,2023-03-27
2023-03-29,2023-03-29
2023-04-09,2023-04-13
2023-05-04,2023-05-12
2023-09-24,2023-09-24
2023-09-30,2023-09-30
2023-10-06,2023-10-06
2023-10-10,2023-10-12
2023-10-14,2023-10-14
2023-11-06,2023-11-06
2023-12-11,2023-12-11
2023-12-28,2023-12-28
